{
  "0": {
    "forward": [
      0.0,
      0.0,
      1.0
    ],
    "fov_horizontal": 22.5,
    "fov_vertical": 40,
    "position": [
      0.3382070064544678,
      0.38795384764671326,
      -1.0419285595417023
    ],
    "right": [
      1.0,
      0.0,
      0.0
    ],
    "up": [
      0.0,
      1.0,
      0.0
    ]
  },
  "1": {
    "forward": [
      1.0,
      0.0,
      2.220446049250313e-16
    ],
    "fov_horizontal": 22.5,
    "fov_vertical": 40,
    "position": [
      -0.9646425247192383,
      0.38795384764671326,
      0.2609209716320035
    ],
    "right": [
      2.220446049250313e-16,
      0.0,
      -1.0
    ],
    "up": [
      0.0,
      1.0,
      0.0
    ]
  },
  "10": {
    "forward": [
      0.7071067811865476,
      0.0,
      0.7071067811865475
    ],
    "fov_horizontal": 22.5,
    "fov_vertical": 40,
    "position": [
      -0.5830467319041741,
      0.38795384764671326,
      -0.6603327667266379
    ],
    "right": [
      0.7071067811865475,
      0.0,
      -0.7071067811865476
    ],
    "up": [
      0.0,
      1.0,
      0.0
    ]
  },
  "11": {
    "forward": [
      0.7071067811865477,
      0.0,
      -0.7071067811865475
    ],
    "fov_horizontal": 22.5,
    "fov_vertical": 40,
    "position": [
      -0.5830467319041742,
      0.38795384764671326,
      1.1821747099906454
    ],
    "right": [
      -0.7071067811865475,
      0.0,
      -0.7071067811865477
    ],
    "up": [
      0.0,
      1.0,
      0.0
    ]
  },
  "12": {
    "forward": [
      -0.7071067811865476,
      0.0,
      -0.7071067811865476
    ],
    "fov_horizontal": 22.5,
    "fov_vertical": 40,
    "position": [
      1.2594607448131094,
      0.38795384764671326,
      1.1821747099906454
    ],
    "right": [
      -0.7071067811865476,
      0.0,
      0.7071067811865476
    ],
    "up": [
      0.0,
      1.0,
      0.0
    ]
  },
  "13": {
    "forward": [
      -0.7071067811865477,
      0.0,
      0.7071067811865475
    ],
    "fov_horizontal": 22.5,
    "fov_vertical": 40,
    "position": [
      1.2594607448131097,
      0.38795384764671326,
      -0.6603327667266379
    ],
    "right": [
      0.7071067811865475,
      0.0,
      0.7071067811865477
    ],
    "up": [
      0.0,
      1.0,
      0.0
    ]
  },
  "14": {
    "forward": [
      0.0,
      0.7071067811865476,
      0.7071067811865475
    ],
    "fov_horizontal": 22.5,
    "fov_vertical": 40,
    "position": [
      0.3382070064544678,
      -0.5332998907119286,
      -0.6603327667266379
    ],
    "right": [
      1.0,
      0.0,
      0.0
    ],
    "up": [
      0.0,
      0.7071067811865475,
      -0.7071067811865476
    ]
  },
  "15": {
    "forward": [
      0.7071067811865475,
      0.7071067811865476,
      1.570092458683775e-16
    ],
    "fov_horizontal": 22.5,
    "fov_vertical": 40,
    "position": [
      -0.5830467319041739,
      -0.5332998907119286,
      0.26092097163200356
    ],
    "right": [
      2.220446049250313e-16,
      0.0,
      -1.0
    ],
    "up": [
      -0.7071067811865476,
      0.7071067811865475,
      -1.5700924586837752e-16
    ]
  },
  "16": {
    "forward": [
      8.659560562354932e-17,
      0.7071067811865476,
      -0.7071067811865475
    ],
    "fov_horizontal": 22.5,
    "fov_vertical": 40,
    "position": [
      0.33820700645446766,
      -0.5332998907119286,
      1.1821747099906454
    ],
    "right": [
      -1.0,
      0.0,
      -1.2246467991473532e-16
    ],
    "up": [
      -8.659560562354934e-17,
      0.7071067811865475,
      0.7071067811865476
    ]
  },
  "17": {
    "forward": [
      -0.7071067811865475,
      0.7071067811865476,
      -1.570092458683775e-16
    ],
    "fov_horizontal": 22.5,
    "fov_vertical": 40,
    "position": [
      1.2594607448131094,
      -0.5332998907119286,
      0.260920971632004
    ],
    "right": [
      -2.220446049250313e-16,
      0.0,
      1.0
    ],
    "up": [
      0.7071067811865476,
      0.7071067811865475,
      1.5700924586837752e-16
    ]
  },
  "18": {
    "forward": [
      0.4082482904638631,
      -0.8164965809277261,
      0.408248290463863
    ],
    "fov_horizontal": 22.5,
    "fov_vertical": 40,
    "position": [
      -0.1936790873788431,
      1.451726035313335,
      -0.2709651222013071
    ],
    "right": [
      0.7071067811865475,
      0.0,
      -0.7071067811865476
    ],
    "up": [
      0.5773502691896258,
      0.5773502691896257,
      0.5773502691896257
    ]
  },
  "19": {
    "forward": [
      0.4082482904638631,
      -0.816496580927726,
      -0.40824829046386296
    ],
    "fov_horizontal": 22.5,
    "fov_vertical": 40,
    "position": [
      -0.1936790873788432,
      1.451726035313335,
      0.7928070654653147
    ],
    "right": [
      -0.7071067811865475,
      0.0,
      -0.7071067811865477
    ],
    "up": [
      0.5773502691896258,
      0.5773502691896257,
      -0.5773502691896257
    ]
  },
  "2": {
    "forward": [
      1.2246467991473532e-16,
      0.0,
      -1.0
    ],
    "fov_horizontal": 22.5,
    "fov_vertical": 40,
    "position": [
      0.3382070064544676,
      0.38795384764671326,
      1.5637705028057098
    ],
    "right": [
      -1.0,
      0.0,
      -1.2246467991473532e-16
    ],
    "up": [
      0.0,
      1.0,
      0.0
    ]
  },
  "20": {
    "forward": [
      -0.408248290463863,
      -0.8164965809277261,
      -0.408248290463863
    ],
    "fov_horizontal": 22.5,
    "fov_vertical": 40,
    "position": [
      0.8700931002877786,
      1.451726035313335,
      0.7928070654653147
    ],
    "right": [
      -0.7071067811865476,
      0.0,
      0.7071067811865476
    ],
    "up": [
      -0.5773502691896257,
      0.5773502691896257,
      -0.5773502691896257
    ]
  },
  "21": {
    "forward": [
      -0.4082482904638631,
      -0.816496580927726,
      0.40824829046386296
    ],
    "fov_horizontal": 22.5,
    "fov_vertical": 40,
    "position": [
      0.8700931002877788,
      1.451726035313335,
      -0.2709651222013071
    ],
    "right": [
      0.7071067811865475,
      0.0,
      0.7071067811865477
    ],
    "up": [
      -0.5773502691896258,
      0.5773502691896257,
      0.5773502691896257
    ]
  },
  "22": {
    "forward": [
      0.4082482904638631,
      0.8164965809277261,
      0.408248290463863
    ],
    "fov_horizontal": 22.5,
    "fov_vertical": 40,
    "position": [
      -0.1936790873788431,
      -0.6758183400199085,
      -0.2709651222013071
    ],
    "right": [
      0.7071067811865475,
      0.0,
      -0.7071067811865476
    ],
    "up": [
      -0.5773502691896258,
      0.5773502691896257,
      -0.5773502691896257
    ]
  },
  "23": {
    "forward": [
      0.4082482904638631,
      0.816496580927726,
      -0.40824829046386296
    ],
    "fov_horizontal": 22.5,
    "fov_vertical": 40,
    "position": [
      -0.1936790873788432,
      -0.6758183400199085,
      0.7928070654653147
    ],
    "right": [
      -0.7071067811865475,
      0.0,
      -0.7071067811865477
    ],
    "up": [
      -0.5773502691896258,
      0.5773502691896257,
      0.5773502691896257
    ]
  },
  "24": {
    "forward": [
      -0.408248290463863,
      0.8164965809277261,
      -0.408248290463863
    ],
    "fov_horizontal": 22.5,
    "fov_vertical": 40,
    "position": [
      0.8700931002877786,
      -0.6758183400199085,
      0.7928070654653147
    ],
    "right": [
      -0.7071067811865476,
      0.0,
      0.7071067811865476
    ],
    "up": [
      0.5773502691896257,
      0.5773502691896257,
      0.5773502691896257
    ]
  },
  "25": {
    "forward": [
      -0.4082482904638631,
      0.816496580927726,
      0.40824829046386296
    ],
    "fov_horizontal": 22.5,
    "fov_vertical": 40,
    "position": [
      0.8700931002877788,
      -0.6758183400199085,
      -0.2709651222013071
    ],
    "right": [
      0.7071067811865475,
      0.0,
      0.7071067811865477
    ],